{
    "index_target": "graph",
    "number_of_C": {
        "0": 14,
        "1": 9,
        "2": 9,
        "3": 16,
        "4": 6,
        "5": 16,
        "6": 13,
        "7": 15,
        "8": 7,
        "9": 14,
        "10": 14,
        "11": 16,
        "12": 16,
        "13": 8,
        "14": 16,
        "15": 16,
        "16": 6,
        "17": 13,
        "18": 9,
        "19": 14,
        "20": 12,
        "21": 13,
        "22": 20,
        "23": 24,
        "24": 13,
        "25": 6,
        "26": 20,
        "27": 13,
        "28": 13,
        "29": 20,
        "30": 16,
        "31": 12,
        "32": 15,
        "33": 10,
        "34": 13,
        "35": 11,
        "36": 14,
        "37": 12,
        "38": 10,
        "39": 10,
        "40": 13,
        "41": 8,
        "42": 16,
        "43": 14,
        "44": 6,
        "45": 20,
        "46": 16,
        "47": 14,
        "48": 12,
        "49": 10,
        "50": 20,
        "51": 20,
        "52": 13,
        "53": 12,
        "54": 11,
        "55": 12,
        "56": 12,
        "57": 20,
        "58": 20,
        "59": 10,
        "60": 13,
        "61": 6,
        "62": 12,
        "63": 13,
        "64": 10,
        "65": 12,
        "66": 16,
        "67": 20,
        "68": 13,
        "69": 8,
        "70": 20,
        "71": 13,
        "72": 12,
        "73": 20,
        "74": 12,
        "75": 6,
        "76": 12,
        "77": 13,
        "78": 12,
        "79": 16,
        "80": 6,
        "81": 16,
        "82": 12,
        "83": 8,
        "84": 20,
        "85": 20,
        "86": 12,
        "87": 8,
        "88": 8,
        "89": 20,
        "90": 20,
        "91": 16,
        "92": 20,
        "93": 16,
        "94": 10,
        "95": 16,
        "96": 14,
        "97": 9,
        "98": 12,
        "99": 12,
        "100": 20,
        "101": 13,
        "102": 16,
        "103": 20,
        "104": 12,
        "105": 16,
        "106": 16,
        "107": 16,
        "108": 22,
        "109": 12,
        "110": 7,
        "111": 12,
        "112": 6,
        "113": 12,
        "114": 9,
        "115": 6,
        "116": 12,
        "117": 20,
        "118": 12,
        "119": 8,
        "120": 16,
        "121": 18,
        "122": 14,
        "123": 6,
        "124": 16,
        "125": 12,
        "126": 12,
        "127": 12,
        "128": 6,
        "129": 7,
        "130": 15,
        "131": 7,
        "132": 12,
        "133": 16,
        "134": 6,
        "135": 16,
        "136": 16,
        "137": 8,
        "138": 6,
        "139": 10,
        "140": 6,
        "141": 12,
        "142": 8,
        "143": 6,
        "144": 12,
        "145": 12,
        "146": 8,
        "147": 12,
        "148": 12,
        "149": 6,
        "150": 7,
        "151": 16,
        "152": 12,
        "153": 7,
        "154": 7,
        "155": 8,
        "156": 16,
        "157": 15,
        "158": 16,
        "159": 6,
        "160": 20,
        "161": 12,
        "162": 16,
        "163": 16,
        "164": 16,
        "165": 18,
        "166": 16,
        "167": 7,
        "168": 6,
        "169": 12,
        "170": 12,
        "171": 7,
        "172": 12,
        "173": 16,
        "174": 12,
        "175": 9,
        "176": 12,
        "177": 8,
        "178": 15,
        "179": 22,
        "180": 6,
        "181": 10,
        "182": 16,
        "183": 16,
        "184": 6,
        "185": 8,
        "186": 18,
        "187": 12
    },
    "number_of_F": {
        "0": 0,
        "1": 0,
        "2": 0,
        "3": 0,
        "4": 2,
        "5": 0,
        "6": 0,
        "7": 0,
        "8": 0,
        "9": 0,
        "10": 0,
        "11": 0,
        "12": 0,
        "13": 0,
        "14": 0,
        "15": 0,
        "16": 0,
        "17": 0,
        "18": 0,
        "19": 0,
        "20": 0,
        "21": 0,
        "22": 0,
        "23": 0,
        "24": 0,
        "25": 0,
        "26": 0,
        "27": 1,
        "28": 0,
        "29": 0,
        "30": 0,
        "31": 0,
        "32": 3,
        "33": 0,
        "34": 0,
        "35": 0,
        "36": 0,
        "37": 0,
        "38": 0,
        "39": 0,
        "40": 0,
        "41": 0,
        "42": 0,
        "43": 0,
        "44": 0,
        "45": 0,
        "46": 0,
        "47": 0,
        "48": 0,
        "49": 0,
        "50": 0,
        "51": 0,
        "52": 0,
        "53": 0,
        "54": 0,
        "55": 0,
        "56": 0,
        "57": 0,
        "58": 0,
        "59": 0,
        "60": 0,
        "61": 0,
        "62": 0,
        "63": 0,
        "64": 0,
        "65": 0,
        "66": 0,
        "67": 0,
        "68": 0,
        "69": 0,
        "70": 0,
        "71": 0,
        "72": 0,
        "73": 0,
        "74": 0,
        "75": 0,
        "76": 0,
        "77": 0,
        "78": 0,
        "79": 0,
        "80": 0,
        "81": 0,
        "82": 0,
        "83": 0,
        "84": 0,
        "85": 0,
        "86": 0,
        "87": 0,
        "88": 0,
        "89": 0,
        "90": 0,
        "91": 0,
        "92": 0,
        "93": 0,
        "94": 0,
        "95": 0,
        "96": 0,
        "97": 0,
        "98": 0,
        "99": 0,
        "100": 0,
        "101": 0,
        "102": 0,
        "103": 0,
        "104": 0,
        "105": 0,
        "106": 0,
        "107": 0,
        "108": 0,
        "109": 0,
        "110": 0,
        "111": 0,
        "112": 0,
        "113": 0,
        "114": 0,
        "115": 1,
        "116": 0,
        "117": 0,
        "118": 0,
        "119": 0,
        "120": 0,
        "121": 0,
        "122": 0,
        "123": 2,
        "124": 0,
        "125": 0,
        "126": 0,
        "127": 0,
        "128": 0,
        "129": 0,
        "130": 0,
        "131": 0,
        "132": 0,
        "133": 0,
        "134": 1,
        "135": 0,
        "136": 0,
        "137": 0,
        "138": 0,
        "139": 0,
        "140": 0,
        "141": 0,
        "142": 0,
        "143": 0,
        "144": 0,
        "145": 0,
        "146": 0,
        "147": 0,
        "148": 0,
        "149": 0,
        "150": 0,
        "151": 0,
        "152": 0,
        "153": 0,
        "154": 0,
        "155": 0,
        "156": 0,
        "157": 0,
        "158": 0,
        "159": 0,
        "160": 0,
        "161": 0,
        "162": 0,
        "163": 0,
        "164": 0,
        "165": 0,
        "166": 0,
        "167": 0,
        "168": 1,
        "169": 0,
        "170": 0,
        "171": 0,
        "172": 0,
        "173": 0,
        "174": 0,
        "175": 0,
        "176": 0,
        "177": 0,
        "178": 0,
        "179": 0,
        "180": 0,
        "181": 0,
        "182": 0,
        "183": 0,
        "184": 1,
        "185": 0,
        "186": 0,
        "187": 0
    },
    "number_of_NH2": {
        "0": 1,
        "1": 1,
        "2": 1,
        "3": 1,
        "4": 1,
        "5": 4,
        "6": 1,
        "7": 1,
        "8": 1,
        "9": 1,
        "10": 1,
        "11": 1,
        "12": 2,
        "13": 1,
        "14": 1,
        "15": 2,
        "16": 1,
        "17": 1,
        "18": 1,
        "19": 1,
        "20": 2,
        "21": 1,
        "22": 1,
        "23": 1,
        "24": 1,
        "25": 2,
        "26": 1,
        "27": 1,
        "28": 3,
        "29": 1,
        "30": 2,
        "31": 4,
        "32": 1,
        "33": 1,
        "34": 1,
        "35": 1,
        "36": 1,
        "37": 1,
        "38": 1,
        "39": 1,
        "40": 1,
        "41": 1,
        "42": 1,
        "43": 1,
        "44": 2,
        "45": 1,
        "46": 2,
        "47": 1,
        "48": 2,
        "49": 2,
        "50": 2,
        "51": 2,
        "52": 2,
        "53": 1,
        "54": 1,
        "55": 1,
        "56": 3,
        "57": 1,
        "58": 1,
        "59": 3,
        "60": 1,
        "61": 1,
        "62": 2,
        "63": 2,
        "64": 2,
        "65": 1,
        "66": 1,
        "67": 1,
        "68": 2,
        "69": 1,
        "70": 2,
        "71": 1,
        "72": 1,
        "73": 1,
        "74": 2,
        "75": 1,
        "76": 1,
        "77": 1,
        "78": 1,
        "79": 1,
        "80": 2,
        "81": 3,
        "82": 1,
        "83": 1,
        "84": 1,
        "85": 1,
        "86": 1,
        "87": 1,
        "88": 1,
        "89": 1,
        "90": 1,
        "91": 1,
        "92": 1,
        "93": 1,
        "94": 3,
        "95": 3,
        "96": 1,
        "97": 1,
        "98": 1,
        "99": 1,
        "100": 1,
        "101": 4,
        "102": 1,
        "103": 1,
        "104": 1,
        "105": 1,
        "106": 3,
        "107": 1,
        "108": 2,
        "109": 4,
        "110": 1,
        "111": 1,
        "112": 2,
        "113": 1,
        "114": 1,
        "115": 1,
        "116": 3,
        "117": 1,
        "118": 3,
        "119": 1,
        "120": 3,
        "121": 1,
        "122": 1,
        "123": 1,
        "124": 1,
        "125": 2,
        "126": 3,
        "127": 1,
        "128": 2,
        "129": 1,
        "130": 1,
        "131": 1,
        "132": 1,
        "133": 2,
        "134": 1,
        "135": 1,
        "136": 2,
        "137": 1,
        "138": 1,
        "139": 2,
        "140": 1,
        "141": 1,
        "142": 1,
        "143": 1,
        "144": 1,
        "145": 1,
        "146": 1,
        "147": 1,
        "148": 2,
        "149": 1,
        "150": 1,
        "151": 2,
        "152": 1,
        "153": 1,
        "154": 2,
        "155": 1,
        "156": 1,
        "157": 1,
        "158": 1,
        "159": 2,
        "160": 2,
        "161": 4,
        "162": 2,
        "163": 2,
        "164": 1,
        "165": 1,
        "166": 2,
        "167": 1,
        "168": 2,
        "169": 1,
        "170": 4,
        "171": 1,
        "172": 3,
        "173": 2,
        "174": 1,
        "175": 1,
        "176": 2,
        "177": 1,
        "178": 2,
        "179": 2,
        "180": 1,
        "181": 1,
        "182": 2,
        "183": 2,
        "184": 2,
        "185": 1,
        "186": 1,
        "187": 1
    }
}