{
    "list": [
        {
            "name": "coraFromGNNLens-gcn",
            "task": "node classification",
            "date": "2023-02-21 20-38-48",
            "graph": "coraFromGNNLens",
            "model": "gcn"
        },
        {
            "name": "coraFromGNNLens-gcnOneLayer",
            "task": "node classification",
            "date": "2023-02-23 11-10-43",
            "graph": "coraFromGNNLens",
            "model": "gcnOneLayer"
        },
        {
            "name": "cora-gae-0805",
            "task": "link prediction",
            "date": "2023-08-05",
            "graph": "cora",
            "model": "gae"
        },
        {
            "name": "cora-gae-epoch-10",
            "task": "link prediction",
            "date": "2023-08-28",
            "graph": "cora",
            "model": "gae"
        },
        {
            "name": "cora-gae-epoch-200",
            "task": "link prediction",
            "date": "2023-08-28",
            "graph": "cora",
            "model": "gae"
        },
        {
            "name": "mutag-mpnn-0204",
            "task": "graph classification",
            "date": "2023-02-04",
            "graph": "mutag",
            "model": "mpnn"
        },
        {
            "name": "mutag-mpnn-0209",
            "task": "graph classification",
            "date": "2023-02-09",
            "graph": "mutag",
            "model": "mpnn"
        },
        {
            "name": "example1",
            "task": "some task",
            "date": "",
            "graph": "example1",
            "model": "example1"
        }
    ]
}